Layer,Weight_Impact
0.weight,0.09614520519971848
9.weight,0.0525820255279541
3.weight,0.05090634152293205
7.weight,0.012319231405854225
