label,mean,std,count
0,0.19837932952685963,0.10000796634739169,1349
1,0.7996588309925767,0.09887822659373238,3883
