Layer,Value
0.weight,0.10340002924203873
9.weight,0.05400286242365837
3.weight,0.050434403121471405
7.weight,0.01173634547740221
