Epoch,Loss
1,0.2965690342073397
2,0.13090761595905373
